city,pred_avg_demand,pred_lower,pred_upper,Sender City,total_sent,avg_tariff,avg_transit,delay_rate,total_revenue,avg_revenue_per_kg,lat,lon,h3_index
Nagpur,47.64502620709012,41.120431318161565,54.29915928834516,Nagpur,1409,441.69888573456353,2.9992902767920513,0.3924769339957417,716757.4,69.08826566344737,21.1458,79.0882,8460961ffffffff
Jaipur,45.4777436685454,37.856732188573204,52.962338449709904,Jaipur,1363,444.70933969185614,2.980190755685987,0.39985326485693323,699930.98,69.1949557584085,26.9124,75.7873,843da21ffffffff
Lucknow,46.40866822421624,41.98988725104115,50.92594553726596,Lucknow,1315,430.02828136882124,2.999239543726236,0.3916349809885932,653157.23,69.12743031978484,26.8467,80.9462,843d8ddffffffff
Coimbatore,43.937240061241695,36.84522277538892,51.09798471216483,Coimbatore,1394,436.69542324246777,2.9777618364418936,0.39096126255380204,700792.32,69.62787067880284,11.0168,76.9558,8460339ffffffff
Meerut,56.38525238448076,47.52412578621952,64.9565809519824,Meerut,1394,441.44921090387373,3.0703012912482066,0.4261119081779053,712051.81,70.16971796695414,28.9845,77.7064,843dacdffffffff
Delhi,48.00692025002616,39.39698204421087,56.5524652369763,Delhi,1420,436.7096549295774,2.999295774647887,0.4007042253521127,715474.86,68.57346078160516,28.7041,77.1025,843da19ffffffff
Ahmedabad,44.54042998975231,35.88882168659542,53.36063872440088,Ahmedabad,1401,439.2713775874375,2.9685938615274803,0.3932905067808708,706758.25,68.53132488208671,23.0225,72.5714,8442cebffffffff
Chennai,50.36900239290069,44.465563338708655,56.180904210250134,Chennai,1370,449.3193795620438,3.062043795620438,0.4211678832116788,706832.89,68.81020673260366,13.0827,80.2707,84618c5ffffffff
Bhubaneswar,43.60263195164152,35.644433680428804,51.66551321665143,Bhubaneswar,1350,442.588037037037,3.054074074074074,0.4066666666666667,687269.78,69.97582896941043,20.2961,85.8245,843c8e5ffffffff
Chandigarh,43.455960783711014,35.127063808652544,51.90125364658486,Chandigarh,1372,453.4374052478134,2.9803206997084546,0.40524781341107874,711383.25,69.34109089792739,30.7333,76.7794,843d147ffffffff
Vizag,42.284213060339816,34.66046762359785,49.934811159331176,Vizag,1404,440.840405982906,3.047720797720798,0.41096866096866097,713890.01,68.28145556016155,17.6868,83.2185,843c931ffffffff
Vijayawada,51.9724896066811,43.631653433766324,60.28403461005559,Vijayawada,1450,442.81877241379306,2.989655172413793,0.39379310344827584,742185.06,69.11015611273076,16.5062,80.648,84619abffffffff
Nashik,45.78527832633804,40.44493040537656,51.09294271478636,Nashik,1330,437.88970676691736,3.007518796992481,0.39849624060150374,671743.18,69.50803861357257,20.0059,73.7942,846099bffffffff
Srinagar,44.52073359530139,36.2442627378144,52.78764027621079,Srinagar,1368,447.7706432748538,2.9744152046783627,0.40497076023391815,705662.93,69.50579374684007,34.0837,74.7973,843d34bffffffff
Hyderabad,43.07100926540727,35.47766285892672,50.800235543182275,Hyderabad,1272,439.1432625786163,3.00314465408805,0.39622641509433965,647134.71,70.36225625077019,17.385,78.4867,8460a25ffffffff
Kolkata,38.86207534906926,31.582438563514966,46.36535909401742,Kolkata,1382,430.08586107091173,2.992764109985528,0.3950795947901592,686412.23,67.92112385918887,22.5726,88.3639,843cf2dffffffff
Surat,44.65022568317741,36.04051932690941,53.243985209771765,Surat,1415,437.54327915194347,2.9830388692579506,0.3992932862190813,713822.98,69.67708264340534,21.1702,72.8311,8442d9dffffffff
Ranchi,49.73551228327491,42.19100001841576,57.2028865781327,Ranchi,1402,430.06781740370894,3.0756062767475036,0.42082738944365194,695754.84,67.14784449481718,23.3441,85.3096,843ca85ffffffff
Ludhiana,41.27233249202674,34.037812010064414,48.55306777827839,Ludhiana,1326,437.85749622926096,2.966817496229261,0.40497737556561086,670513.95,69.73768916029822,30.901,75.8573,8442493ffffffff
Guwahati,48.957513684562024,41.10502839862036,56.71757531295302,Guwahati,1368,447.4798976608187,3.0109649122807016,0.40131578947368424,702224.45,69.45939471674905,26.1445,91.7362,843ce15ffffffff
Patna,47.12648224770001,40.36427436500802,54.020442970937715,Patna,1464,452.9116803278688,2.9938524590163933,0.3948087431693989,760593.67,68.87224652190822,25.5941,85.1376,843c139ffffffff
Mumbai,49.742658410108156,43.495244014873684,55.98209044170902,Mumbai,1407,442.02781805259417,2.992892679459844,0.39303482587064675,714717.42,68.74477056537403,19.076,72.8777,84608b1ffffffff
Bhopal,48.92880886670641,41.593494100139004,56.16412793452517,Bhopal,1383,431.5163268257411,3.0245842371655822,0.4027476500361533,689184.47,68.76228119337364,23.2599,77.4126,843d915ffffffff
Kochi,38.831711427903784,33.13538587803775,44.429781313862094,Kochi,1360,440.3010588235294,2.998529411764706,0.40441176470588236,691767.14,68.58232630037077,9.9312,76.2673,846004dffffffff
Indore,44.46033476988956,35.52360723876637,53.43068282330741,Indore,1369,433.8738933528123,2.991234477720964,0.38933528122717315,688869.78,68.45758153765927,22.7196,75.8577,843d963ffffffff
Shimla,41.28696713364999,33.14639398134599,49.499920998771096,Shimla,1385,440.4794873646209,3.0332129963898917,0.4072202166064982,704916.57,70.59896477743881,31.1048,77.1734,843d109ffffffff
Jamshedpur,57.670486887764994,49.92862081579615,65.42524763225869,Jamshedpur,1374,448.1515720524018,2.9490538573508007,0.38282387190684136,707458.73,69.64133106494246,22.8046,86.2029,843cabdffffffff
Aurangabad,42.81912815498672,36.484101303662094,49.03875256686497,Aurangabad,1362,434.0109251101322,2.930983847283407,0.37812041116005873,683844.68,70.06163857116205,19.8762,75.3433,84609ddffffffff
Bangalore,48.13091151041969,41.4554414566072,54.820341139911726,Bangalore,1389,444.7355579553635,2.999280057595392,0.39812814974802013,709488.56,68.7002007220261,12.9716,77.5946,8461893ffffffff
Thiruvananthapuram,50.701655549762066,43.35870727190004,58.12784792172954,Thiruvananthapuram,1377,440.43182280319536,2.971677559912854,0.4008714596949891,699016.55,68.17980200412289,8.5241,76.9366,8460263ffffffff
Agra,45.30598104355292,37.05830262672836,53.6654695933061,Agra,1361,465.8131006612785,3.034533431300514,0.41072740631888316,723191.32,70.09102104005265,27.1767,78.0081,843d859ffffffff
Pune,45.76538225084289,40.09280582317535,51.413483787052535,Pune,1426,431.4865638148667,2.9985974754558207,0.38218793828892006,712409.15,69.4352040425073,18.5204,73.8567,8460885ffffffff
